<?xml version="1.0" encoding="UTF-8"?><temp><TestCases><![CDATA[
      <font color=green>1. Open Browser : FIREFOX</font><br/>
    ]]><![CDATA[
      <font color=green>2. Navigate to : http://rcscapture-staged.azurewebsites.net/Login</font><br/>
    ]]><![CDATA[
      <B></B><h1><font color=SaddleBrown>To verify the Alerts Count on Alerts Tile matches with Alerts Count on View Details:</h1></font><br/>
    ]]><![CDATA[
      <font color=green>1. Navigate to : http://rcscapture-staged.azurewebsites.net/Login</font><br/>
    ]]><![CDATA[
      <font color=green>2. Loading Time : 4.213 Seconds</font><br/>
    ]]><![CDATA[
      <font color=green>3. Type 'demo' in : Username</font><br/>
    ]]><![CDATA[
      <font color=green>4. Type 'Demo1234!' in : Password</font><br/>
    ]]><![CDATA[
      <font color=green>5. Click on :Login</font><br/>
    ]]><![CDATA[
      <font color=green>6. Click on :Toggle Button</font><br/>
    ]]><![CDATA[
      <font color=green>7. Click on :Main Tab</font><br/>
    ]]><![CDATA[
      <font color=green>8. Click on :Toggle Button</font><br/>
    ]]><![CDATA[
      <font color=green>9. Click on :Filter Button</font><br/>
    ]]><![CDATA[
      <font color=green>10. Click on :Last 3 Days</font><br/>
    ]]><![CDATA[
      <font color=green>11. Alert Count in Alerts Tile Main Tab is : 47</font><br/>
    ]]><![CDATA[
      <font color=green>12. Click on :Main Tab Alerts View Details</font><br/>
    ]]><![CDATA[
      <font color=green>13. Click on :PageSize</font><br/>
    ]]><![CDATA[
      <font color=green>14. Alert Count at View Details New Tab is :0</font><br/>
    ]]><![CDATA[
      <font color=red>15. Alert count in Alerts Tile Main Tab and Alerts Tile View Details is not matched</font><br/>
    ]]><![CDATA[
      <font color='Red'> Screenshot repository :- D:\FTPS_Automation\ftpsproject\TestResults\2015_07_03_07_57_35_PM\Screenshots\TestFailure1.jpg
    ]]><![CDATA[
      <a href='file:///D:\FTPS_Automation\ftpsproject\TestResults\2015_07_03_07_57_35_PM\Screenshots\TestFailure1.jpg'> 
    ]]><![CDATA[
      <img src='file:///D:\FTPS_Automation\ftpsproject\TestResults\2015_07_03_07_57_35_PM\Screenshots\TestFailure1.jpg' height='200' width='200'/><br></br></a></font>
    ]]><![CDATA[
      <font color=green>16. New Browser Window is Closed</font><br/>
    ]]><![CDATA[
      <font color=green>17. Click on :Logout Menu </font><br/>
    ]]><![CDATA[
      <font color=green>18. Click on :Logout Button</font><br/>
    ]]><![CDATA[
      <font color=red>19. Screenshot at the time of failure</font><br/>
    ]]><![CDATA[
      <font color='red'> Screenshot repository :- D:\FTPS_Automation\ftpsproject\TestResults\2015_07_03_07_57_35_PM\Screenshots\TestFailure1.jpg
    ]]><![CDATA[
      <a href='file:///D:\FTPS_Automation\ftpsproject\TestResults\2015_07_03_07_57_35_PM\Screenshots\TestFailure1.jpg'> 
    ]]><![CDATA[
      <img src='file:///D:\FTPS_Automation\ftpsproject\TestResults\2015_07_03_07_57_35_PM\Screenshots\TestFailure1.jpg' height='200' width='200'/><br></br></a></font>
    ]]><![CDATA[
              <B></B><h1><font color=SaddleBrown>To verify the Alerts Count on Alerts Tile matches with Alerts Count on View Details:</h1></font><br/>
            ]]><![CDATA[
              <font color=green>1. Navigate to : http://rcscapture-staged.azurewebsites.net/Login</font><br/>
            ]]><![CDATA[
              <font color=green>2. Loading Time : 4.213 Seconds</font><br/>
            ]]><![CDATA[
              <font color=green>3. Type 'demo' in : Username</font><br/>
            ]]><![CDATA[
              <font color=green>4. Type 'Demo1234!' in : Password</font><br/>
            ]]><![CDATA[
              <font color=green>5. Click on :Login</font><br/>
            ]]><![CDATA[
              <font color=green>6. Click on :Toggle Button</font><br/>
            ]]><![CDATA[
              <font color=green>7. Click on :Main Tab</font><br/>
            ]]><![CDATA[
              <font color=green>8. Click on :Toggle Button</font><br/>
            ]]><![CDATA[
              <font color=green>9. Click on :Filter Button</font><br/>
            ]]><![CDATA[
              <font color=green>10. Click on :Last 3 Days</font><br/>
            ]]><![CDATA[
              <font color=green>11. Alert Count in Alerts Tile Main Tab is : 47</font><br/>
            ]]><![CDATA[
              <font color=green>12. Click on :Main Tab Alerts View Details</font><br/>
            ]]><![CDATA[
              <font color=green>13. Click on :PageSize</font><br/>
            ]]><![CDATA[
              <font color=green>14. Alert Count at View Details New Tab is :0</font><br/>
            ]]><![CDATA[
              <font color=red>15. Alert count in Alerts Tile Main Tab and Alerts Tile View Details is not matched</font><br/>
            ]]><![CDATA[
              <font color='Red'> Screenshot repository :- D:\FTPS_Automation\ftpsproject\TestResults\2015_07_03_07_57_35_PM\Screenshots\TestFailure1.jpg
            ]]><![CDATA[
              <a href='file:///D:\FTPS_Automation\ftpsproject\TestResults\2015_07_03_07_57_35_PM\Screenshots\TestFailure1.jpg'> 
            ]]><![CDATA[
              <img src='file:///D:\FTPS_Automation\ftpsproject\TestResults\2015_07_03_07_57_35_PM\Screenshots\TestFailure1.jpg' height='200' width='200'/><br></br></a></font>
            ]]><![CDATA[
              <font color=green>16. New Browser Window is Closed</font><br/>
            ]]><![CDATA[
              <font color=green>17. Click on :Logout Menu </font><br/>
            ]]><![CDATA[
              <font color=green>18. Click on :Logout Button</font><br/>
            ]]><![CDATA[
              <font color=red>19. Screenshot at the time of failure</font><br/>
            ]]><![CDATA[
              <font color='red'> Screenshot repository :- D:\FTPS_Automation\ftpsproject\TestResults\2015_07_03_07_57_35_PM\Screenshots\TestFailure1.jpg
            ]]><![CDATA[
              <a href='file:///D:\FTPS_Automation\ftpsproject\TestResults\2015_07_03_07_57_35_PM\Screenshots\TestFailure1.jpg'> 
            ]]><![CDATA[
              <img src='file:///D:\FTPS_Automation\ftpsproject\TestResults\2015_07_03_07_57_35_PM\Screenshots\TestFailure1.jpg' height='200' width='200'/><br></br></a></font>
            ]]></TestCases></temp>