<?xml version="1.0" encoding="UTF-8"?>
<!DOCTYPE suite SYSTEM "http://testng.org/testng-1.0.dtd">
<suite configfailurepolicy="continue" name="Failed suite [Suite]" parallel="none">
  <test name="Test(failed)" parallel="none">
    <classes>
      <class name="TestCases.TestCases">
        <methods>
          <include name="reportmail1"/>
          <include name="TS_MN_001_TC_001_001"/>
        </methods>
      </class> <!-- TestCases.TestCases -->
    </classes>
  </test> <!-- Test(failed) -->
</suite> <!-- Failed suite [Suite] -->
